{
  "data":[{"id":2,"column1":94613569.4622932523,"column2":39232974182.6688613892}]
}
