{
  "data":[{"timestamp":1669036500,"column1":48579238.8423901126,"column2":56138005844.1522293091},{"timestamp":1669037400,"column1":48579238.8423901126,"column2":56140868809.6532974243}]
}